<?xml version="1.0"?>
<!--<!DOCTYPE metadata SYSTEM "http://www.esri.com/metadata/esriprof80.dtd">-->
<metadata xml:lang="en"><Esri><CreaDate>20170522</CreaDate><CreaTime>18165800</CreaTime><SyncOnce>TRUE</SyncOnce><DataProperties><itemProps><itemLocation><linkage Sync="TRUE">file://\\WOIDL-LAPTOP2\C$\Woidl\GIS\Grids\360x114globalCopy</linkage><protocol Sync="TRUE">Local Area Network</protocol></itemLocation></itemProps><copyHistory><copy source="C:\Woidl\GIS\Grids\360x114global" dest="\\WOIDL-LAPTOP2\C$\Woidl\GIS\Grids\360x114globalCopy" date="20170522" time="18165800"></copy></copyHistory></DataProperties></Esri><idinfo><citation><citeinfo><onlink Sync="TRUE">\\JAZZYLAPTOP\D$\BoW\Analysis\grids\360x114globalCopy</onlink></citeinfo></citation></idinfo><distInfo><distributor><distorTran><onLineSrc><linkage Sync="TRUE">file://\\JAZZYLAPTOP\D$\BoW\Analysis\grids\360x114globalCopy</linkage><protocol Sync="TRUE">Local Area Network</protocol></onLineSrc></distorTran></distributor></distInfo><dataqual><lineage><procstep><procdesc Sync="TRUE">Dataset moved.</procdesc><srcused Sync="TRUE">E:\woidl\GIS\WORLD\360x114global2</srcused><date Sync="TRUE">20031111</date><time Sync="TRUE">10150300</time></procstep><procstep><procdesc Sync="TRUE">Dataset copied.</procdesc><srcused Sync="TRUE">E:\woidl\GIS\Grids\360x114global</srcused><date Sync="TRUE">20040626</date><time Sync="TRUE">16201200</time></procstep></lineage></dataqual></metadata>
